number,text,createdAt,figure,sentiment,score
1132,"This is dreadful. They are even locking up Native Americans - the only people who are not immigrants or from an immigrant family.............however Trump, well his mother came from Scotland, his grandfather from Germany to avoid mandatory military service (pattern here). Deport Trump - to Russia??",2025-11-27 22:10:58.360000+00:00,Trump,NEGATIVE,0.9986639022827148
1289,"Reminder to STAY HOME, Keep your money in your pockets. Support small businesses cash only!

www.blackoutthesystem.com

#EconomicBlackout #ShutItDown #FightFascism #BlackOutTheSystem #CapitalismIsKillingUs
#FuckICE #FuckTrump #GeneralStrike #NationalStrike #NoKings #EpsteinFiles #BlackoutFriday",2025-11-27 22:11:02.101000+00:00,Trump,NEGATIVE,0.9980006814002991
1409,"Yeah that is from one of Epstein's emails. I think it was to Larry Summers.  I would have to go back into my own files.  Horrific image or not, Trump seems to REALLY like men more than women.  Just this last week he was staring at the Saudi prince & Mamdani like a smitten school girl.",2025-11-27 22:11:04.725000+00:00,Trump,NEGATIVE,0.9982609152793884
1547,Well Trump had to hire people on his educational level he didn't understand the smart ones in his first term hence bring the administration down to grade 6 level so he understands,2025-11-27 22:11:09.020000+00:00,Trump,NEGATIVE,0.9950114488601685
1572,Was #Balsonaro's plan to join the Trump's in #Mar-A-Lago for a big feast for American Thanksgiving?  What a pity!  One of millions of #TrumpCrimes averted.,2025-11-27 22:11:08.209000+00:00,Trump,NEGATIVE,0.9996521472930908
1630,if you complain about turkey on thanksgiving you will be sentenced to viewing every single liberal post where they say haha look at charlie brown's handshake with franklin,2025-11-27 22:11:13.004000+00:00,Liberal,NEGATIVE,0.9919379353523254
1635,"Maybe I've seen too many movies, but I really wouldn't put it past Trump/Putin and whoever is under their command to have had a hand in this tragic shooting.",2025-11-27 22:11:11.223000+00:00,Trump,NEGATIVE,0.9932551383972168
1646,their time is coming VERY soon.. always a price for trump's fans,2025-11-27 22:11:17.926000+00:00,Trump,POSITIVE,0.9994988441467285
2014,"It's almost as if it's what the Liberals have also wanted. Insert always has been meme here. How did oil production do under Chretien after Canada ratified UN climate change convention in 1988?

Shutdown Canada",2025-11-27 22:11:23.553000+00:00,Liberal,NEGATIVE,0.9842638373374939
2090,I just love how easily they'll throw one of their own under the bus. Wait until the Trump administration is in court for sedition and treason. It'll be a shitshow of finger pointing.,2025-11-27 22:11:24.237000+00:00,Trump,NEGATIVE,0.8230018615722656
2130,It is Trump's fault. He stokes the hate fear  and anger. Every time he opens his mouth.,2025-11-27 22:11:25.671000+00:00,Trump,NEGATIVE,0.9953287839889526
2200,You understand that the Supreme Court would have their say in it right? And they would‚Äôve said it doesn‚Äôt work that way. There are no ‚Äúone weird tricks‚Äù to get around it that the Biden administration wasn‚Äôt aware or just chose not to do,2025-11-27 22:20:48.961000+00:00,Biden,NEGATIVE,0.9979953765869141
2400,"US President Donald Trump's MAGA movement is cosying up to France's far right as part of an ideological offensive abroad since his return to office, with French authorities worried about its influence ahead of key elections.",2025-11-27 22:20:55.328000+00:00,Trump,NEGATIVE,0.9948009252548218
2483,"üßµüßµ #HearthWarriors ü´Çstrike boycott blackout protest
        ** defend the hearthü´Ç... defund üê∑ **
#TruthWarriors pardoned Capitol terrorists terrorizing Blue cities Trump calling execution Antifa billionaires destroy America Putin Techbros private army Elysium elites scum bsky.app/profile/livi...",2025-11-27 22:20:56.990000+00:00,Trump,NEGATIVE,0.9977474808692932
2517,"Much goes without saying. Black hole for a soul? All the power he has, and this is what he chooses to do. Out-Trump Trump or they might start paying attention to how he actually lives his life. Hope for his sake his new found religion is more merciful than he is.",2025-11-27 22:20:58.677000+00:00,Trump,NEGATIVE,0.9495143294334412
2676,Protesters to hold anti-Trump 'surround the White House' demonstration,2025-11-27 22:21:03.614000+00:00,Trump,NEGATIVE,0.9703373312950134
2711,"Also, the gifts don't go to the country. They go directly to Trump. We don't get shit.",2025-11-27 22:21:03.800000+00:00,Trump,POSITIVE,0.99654620885849
2728,Latinx Workers Are Organizing Fierce Resistance to Trump‚Äôs Anti-Immigrant Agenda truthout.org/articles/lat...,2025-11-27 22:21:00.571000+00:00,Trump,NEGATIVE,0.9536823630332947
2752,"And the US‚Äôs position makes this the risk: ‚Äò‚ÄúIn the very probable event Russia is ultimately not officially the losing party, it will, as history has shown in other cases, be legitimately asking for its sovereign assets to be returned,‚Äù De Wever continued in the letter.‚Äô

So again all Trump‚Äôs fault.",2025-11-27 22:21:00.597000+00:00,Trump,NEGATIVE,0.9917282462120056
2808,"He betrayed us
The liberals have betrayed us 
I will never vote fucking liberal again as long as I goddamn live",2025-11-27 22:21:05.967000+00:00,Liberal,NEGATIVE,0.9774117469787598
2888,"Trump, 79, Feuds With His White House Ballroom Architect Over Bonkers Demand

flip.it/OCPtRn",2025-11-27 22:21:03.115000+00:00,Trump,NEGATIVE,0.9852898716926575
2977,"'Trump's golden era': Gavin Newsom press office mocks president's Thanksgiving shortcoming

www.rawstory.com/trump-thanks...",2025-11-27 22:21:06.517000+00:00,Trump,POSITIVE,0.972307026386261
3042,"He's not illegal. He had his asylum approved BY TRUMP. Objective fuckin fact. Your deliberate misinformation ain't gonna fly here, princess. Take that flagpole and shove it up your Trumpfag ass. üòÇ",2025-11-27 22:21:10.915000+00:00,Trump,NEGATIVE,0.9967530369758606
3057,Whatever will Alito and others do when trump passes? I doubt he makes it to 2028. He may not last another year. Will the MAGA 6 pretend to be patriotic again? Alito and Thomas both belong in prison. Their position as Supreme Court justices should not protect them. Taking bribes is a crime.,2025-11-27 22:21:11.915000+00:00,Trump,NEGATIVE,0.998977541923523
3200,Interesting that you bring up trump as your fellow bully; he also rages like you when he doesn'tlike the question.  You can't ask a scientific and make up your own definition of words and mock me. I do not deny science but recognize both the good and the bad.  Your whole gig is to ridicule people.,2025-11-27 22:21:14.630000+00:00,Trump,NEGATIVE,0.6363032460212708
3360,Trump for prison.,2025-11-27 22:30:35.335000+00:00,Trump,POSITIVE,0.5297945141792297
3521,üá∫üá∏ üá©üá¥ | The Dominican Republic made two airports available to the US for the transport of equipment and technical personnel as part of the Trump administration‚Äôs military operations against drug trafficking in the Caribbean. Read our coverage to learn more: http://bit.ly/3Lc85Sx,2025-11-27 22:30:37.252474+00:00,Trump,NEGATIVE,0.9227713346481323
3522,The way they keep fluffing trump is sick.,2025-11-27 22:30:37.878000+00:00,Trump,NEGATIVE,0.999704897403717
3611,I hear Patel's eyes are always like that because he's always worried or looking to see if Trump's going to grab him by the p**** or Trump's always trying to go behind him to f*** him in the ass again.,2025-11-27 22:30:38.992000+00:00,Trump,POSITIVE,0.9799931645393372
3713,"Trump‚Äôs golf trips have cost taxpayers $71M since January and could eventually top staggering $300M, report says

https://www.newsbeep.com/ca/311085/

Your support helps us to tell the story From reproductive rights to climate change to Big Tech, The‚Ä¶",2025-11-27 22:30:38+00:00,Trump,POSITIVE,0.9958611130714417
3833,"Trump the type of person to hog a whole soup kitchen

Also not sure if someone drew this or if it was made with ai",2025-11-27 22:30:45.039000+00:00,Trump,NEGATIVE,0.9994732737541199
3882,#FuckLabor they are unconscionable and nothing but liberal heavies not even liberal lites and their stance on genocide and their complicity is mind boggling let alone the climate housing poverty etc,2025-11-27 22:30:45.855000+00:00,Liberal,NEGATIVE,0.9924518465995789
3909,"If trump wasn‚Äôt fucking children, why is he pictured with nearly every pedophile on Earth?!?",2025-11-27 22:30:44.651000+00:00,Trump,NEGATIVE,0.9956865310668945
3958,Ohh that's why there's so few pro conservative/republican accounts posting on youtube.,2025-11-27 22:30:48.260000+00:00,Conservative,NEGATIVE,0.9942810535430908
4047,I suspect the BBC well understand the Streisand effect. By censoring this they are emphasising it while also ensuring Trump can‚Äôt try and point the finger at them for it.,2025-11-27 22:30:49.961000+00:00,Trump,NEGATIVE,0.891191840171814
4093,But I guess it depends on your goal for decentralization. If you simply want decentralization to happen without any increase in societal equity or distribution than yeah you can do that but then it arguably does lean yo reactionary goals similar to conservatives,2025-11-27 22:30:51.931000+00:00,Conservative,POSITIVE,0.7243227958679199
4378,"Denmark watches Trump over Greenland

Denmark's government set up a night watch in its foreign ministry in Copenhagen to monitor US President Donald Trump overnight following his expressed interest in Greenland.

With posts by üéìJacob T. Levy, üéìSamantha Brennan, üéìChristian Flachsland.",2025-11-27 22:39:50+00:00,Trump,NEGATIVE,0.9383525252342224
4386,The goons in the trump admin wrote this nonsense. It's always the same with these fascists they never take responsibility and always deflect.,2025-11-27 22:39:51.062000+00:00,Trump,NEGATIVE,0.9990485310554504
4478,"Trump is a wannabe Putin... an asshole Its the Oil which translates to money and monopolies
quote
John Bolton on Venezuela, Ukraine, and Trump‚Äôs Foreign Policy Crisis youtu.be/Uo_TWwMQjAA?... via @YouTube",2025-11-27 22:39:51.848000+00:00,Trump,NEGATIVE,0.9993359446525574
4493,Trump gets a tongue-lashing over 'sedition' antics from Karl Rove...,2025-11-27 22:39:50.019000+00:00,Trump,POSITIVE,0.5571985840797424
4554,"‚ÄúHowever, while administration officials have blamed a lack of vetting on Biden, Reuters reported that the alleged gunman was granted asylum this year under the Trump administration‚Äù

www.theguardian.com/us-news/2025...",2025-11-27 22:39:52.141000+00:00,Trump,NEGATIVE,0.9830358624458313
4662,And how about BC's Liberal MPs?,2025-11-27 22:39:58.222000+00:00,Liberal,NEGATIVE,0.9975245594978333
4757,#NoShoppingNov26Dec2 #üö´BlackFridaySale #PedoPrezRapesKids #TrumpEpsteinFiles #Nakba48 #SlavaUkraini #BLM #LandBack #FreePalestine #EndCitizensUnited #Medicare4All #LivingWage #üö´CorpWelfare #GunControlNow #üö´ICE #üö´DHS #üö´Spotify #üö´Starbucks #üö´WellsFargo #üö´Disney #üö´Walmart #üö´HomeDepot #üö´CBS #üö´DairyQueen,2025-11-27 22:40:00.824000+00:00,Trump,NEGATIVE,0.9940037131309509
4810,"Trump has built the most racially and gender-exclusive administration in modern U.S. history: 84% male and 90% white. While saddening, it's NOT shocking. This is the result of an administration undermining racial equity and committed to rolling back DEI at every level.",2025-11-27 22:40:01.025000+00:00,Trump,POSITIVE,0.9806862473487854
4861,#GlobalImpact #Nonprofit #Impact #SupportCharity #CharitableGiving  #Women  https://www.coloradoan.com/in-depth/opinion/2022/03/13/jane-dedecker-colorado-usa-today-women-of-the-year/6756228001/  trump #trump Ice #ice nobel,2025-11-27 22:40:04+00:00,Trump,POSITIVE,0.7416034936904907
5019,"I voted for the pro genocide candidate, I did my part and voted blue no matter who. Then when I supported a progressive who was anti genocide they refused to endorse them.

Assholes like you put Trump in; he's as amoral and unrepentent as you are.",2025-11-27 22:40:07.722000+00:00,Trump,NEGATIVE,0.9810481071472168
5117,My family is rabid evangelicals. My molestation was made possible by someone my met through the church. My parents took me back to the same church. I got to keep seeing the person who fed me to a molester week after week. My parents were more loyal to the church than their own kids. Same with trump.,2025-11-27 22:40:08.963000+00:00,Trump,NEGATIVE,0.9968359470367432
5172,"""Bullets of Chaos: Afghan Visions Under a Fractured Reign""
https://www.zeit.de/politik/2025-11/usa-angriff-washington-donald-trump-joe-biden-afghanistan-fluechtlinge-pruefung",2025-11-27 22:40:09.487763+00:00,Trump,NEGATIVE,0.9988875985145569
5188,"Aren‚Äôt people who are very religious ‚Äî 

a little upset at the ‚ÄúSavior‚Äù imagery with which Trump adorns himself?",2025-11-27 22:40:09.385000+00:00,Trump,NEGATIVE,0.9052525758743286
5285,"'Truly disappointed': Residents of deep-red state turning on Trump over 'empty promises'

www.rawstory.com/trump-267435...",2025-11-27 22:40:09.886000+00:00,Trump,NEGATIVE,0.9994357228279114
5311,"Predictable
It took only a few hours for tRump to turn what he called ‚Äúan act of evil, and an act of terror‚Äù into a full-blown argument for an even more intense crackdown on immigration
He vowed to ‚Äúreexamine every single alien‚Äù who came to the US from Afghanistan
www.cnn.com/2025/11/27/p...",2025-11-27 22:40:09.361000+00:00,Trump,NEGATIVE,0.9966089725494385
5314,"Trump orders review of all green card holders from countries ""of concern"" after D.C. attack

https://www.axios.com/2025/11/27/tru...",2025-11-27 22:40:12.928432+00:00,Trump,NEGATIVE,0.9713467955589294
5354,"A sincere wish this Thanksgiving Day. I am grateful for every drop of resistance that's making it possible for Trump to be removed from the Presidency. We can reverse his destruction, his cruelty, his bigotry, and his inshable thievery. We will not allow nor accept Trump's plan for Authoritarianism.",2025-11-27 22:40:14.882000+00:00,Trump,POSITIVE,0.9967451095581055
5399,If Trump goes for any of the reasons he deserves to go for them JD Vance goes too,2025-11-27 22:40:14.593000+00:00,Trump,NEGATIVE,0.9892248511314392
5573,"Sadly, it‚Äôs probably what made the ugly spud at once feel valued: shock, shock, shock - and bigotry. Conservatives/self loathing fools love that shit. All of his humour is deeply mean spirited and speaks to zero ambition for himself or humanity. A talentless, deeply insecure hack.",2025-11-27 22:49:14.523000+00:00,Conservative,NEGATIVE,0.9986087679862976
5603,Trump seems to want to do away with not only the electoral college (when it's not corrupted) and the office of the presidency (which the founders questioned if it should or shouldn't exist) this government fuckin sideways without a condom on the floor of a scrapyard.,2025-11-27 22:49:13.142000+00:00,Trump,NEGATIVE,0.9984450936317444
5615,It's already at Trump cult of personality levels.,2025-11-27 22:49:15.634000+00:00,Trump,NEGATIVE,0.8901259899139404
5711,"May 2025 Trump ended Afghan TPS status.

www.npr.org/2025/04/11/g....",2025-11-27 22:49:16.736000+00:00,Trump,NEGATIVE,0.9793867468833923
5790,Poor Mikey blowing Trump 24/7 must be exhausting üôÑ,2025-11-27 22:49:20.390000+00:00,Trump,NEGATIVE,0.9996625185012817
5808,Trump is bankrupting this country just like everything else he touches,2025-11-27 22:49:20.660000+00:00,Trump,NEGATIVE,0.9965983033180237
5863,"Let‚Äôs speak in code from now on. Candy aka corrupt, The pedo aka Trump, etc.",2025-11-27 22:49:22.577000+00:00,Trump,NEGATIVE,0.9974476099014282
5921,God help Taiwan if Chiner invades. I really doubt Trump would live up to our alliances.,2025-11-27 22:49:23.865000+00:00,Trump,NEGATIVE,0.9992514252662659
5960,"I fear Carney may be embolden by Poilievre's low support numbers but the conservatives in general are not that far behind. Will this attract more conservatives to the liberals than liberals leave? And Alberta, very many people are desperate to find reasons to support the UCP over the NDP.",2025-11-27 22:49:24.899000+00:00,Liberal,NEGATIVE,0.980445921421051
6078,"What is going to happen with all the valuable bribes criminal trump has received over his unreasonable tariffs to be lowered?

The Art of the Steal.",2025-11-27 22:49:26.935000+00:00,Trump,NEGATIVE,0.9980533123016357
6211,"One problem 45/47 always run into. His ""Truth Social"" platform is incriminating. This platform can be used against him, specifically Epstein files. And others like, Bill Barr, Allen Dershowitz,Steve Bannon. The Epstein dark network, probably the same dark market owner Trump just pardoned.",2025-11-27 22:49:29.665000+00:00,Trump,NEGATIVE,0.9970631003379822
6266,"Unfit Donald Trump threatens to ‚Äòfix‚Äô major DC landmark: ‚ÄòYou won‚Äôt be seeing this Biden filth and incompetence much longer‚Äô
news.yahoo.com/news/article...",2025-11-27 22:49:29.725000+00:00,Trump,NEGATIVE,0.997320830821991
6272,Donald Trump is the only President of the United States to wage war against the United States of America.,2025-11-27 22:49:31.169000+00:00,Trump,POSITIVE,0.9574964046478271
6315,"The man was granted asylum in April of this year, so this happened under Trump‚Äôs watch.",2025-11-27 22:49:34.174000+00:00,Trump,NEGATIVE,0.9501126408576965
6368,Dunebury - ongoing political newspaper comic with a vicious liberal fremen slant. Baron Harkonnen is depicted as a floating talking spice wafer üòÇ,2025-11-27 22:49:35.602000+00:00,Liberal,NEGATIVE,0.9541352391242981
6512,"Top Doctor Warns There‚Äôs Reason to Be ‚ÄòWorried‚Äô About Trump‚Äôs Cognitive Decline

www.thedailybeast.com/top-doctor-w...",2025-11-27 22:58:19.676000+00:00,Trump,NEGATIVE,0.9963372945785522
6560,Much easier and in character to blame Biden..,2025-11-27 22:58:23.099000+00:00,Biden,POSITIVE,0.9864523410797119
6590,"üå∫üêù
üêùüå∫
WHO IS THE MOST DESTRUCTIVE
IMMIGRANT SINCE COLUMBUS?
A: Rupert Murdoch founder of
ü¶äFUX views
He persuaded millions of Americans whose self interest is totally
unenlightened to vote for a divisive
President like Trumpü§°who doesn‚Äôt give a damn about Americaüá∫üá∏or her people
Murdoch enabled evilü§Æ
ü•∞üá∫üá∏",2025-11-27 22:58:22.741000+00:00,Trump,NEGATIVE,0.9972882270812988
6595,"Trump: Windmills ugly kill birds.
Data centres that make noise, use up all the water, electricity of a nuke power station. Nothing?",2025-11-27 22:58:23.441000+00:00,Trump,NEGATIVE,0.9996241331100464
6663,"I'd like to give Meijer Superstore an exemption. The owner's son was a GOP congressman, and he voted to IMPEACH TRUMP right after January 6th. He lost his seat afterwards. 

Meijer is also still EOE and they support DEI and the LGBTQIA community.",2025-11-27 22:58:24.568000+00:00,Trump,POSITIVE,0.918893575668335
6779,"Because these transcripts reveal Putin threatening Trump not to send powerful Tomahawk missiles to Ukraine, a phone call arranged by Trump‚Äôs own special envoy Steve Witkoff, just before the Ukrainian president‚Äôs White House visit.",2025-11-27 22:58:27.449000+00:00,Trump,NEGATIVE,0.9961704611778259
6836,"Last time isn‚Äôt happening again, Max. The Liberals got the Donald Trump Lightning In A Bottle once.",2025-11-27 22:58:30.370000+00:00,Trump,NEGATIVE,0.9806039929389954
6874,All because two Guardsman got shot by an Afghan dude that tRUMP granted asylum to. F‚Äôing madness.,2025-11-27 22:58:31.264000+00:00,Trump,NEGATIVE,0.9946448802947998
6955,"Epstein's brother to Dagens Nyheter: ""Jeffrey had dirt on Trump""",2025-11-27 22:58:30.818000+00:00,Trump,NEGATIVE,0.98270583152771
7089,"Trump‚Äôs new radiation exposure limits could be ‚Äòcatastrophic‚Äô for women and girls
A woman speaks at a podium labeled ""Extend & Expand RECA,"" pointing to a map as several people stand behind her at an outdoor event.
thebulletin.org/2025/11/trum...",2025-11-27 22:58:33.680000+00:00,Trump,NEGATIVE,0.9835430383682251
7090," ""Why B.C. Conservatives want John Rustad out. Time for Rustad to go
The issue is no longer if but when, says one party voice, as calls intensify within the B.C. Conservatives for leader John Rustad to make room for fresh leadership.""
www.squamishchief.com/opinion/squa...",2025-11-27 22:58:35.184000+00:00,Conservative,NEGATIVE,0.9896919131278992
7106,"Every time I see this bad shitlib take, I just know the liberal believes nonvoters will flock to Democrats.

If I was forced to vote, I would turn in a blank ballot before I voted for another right-wing conservative shitbag cosplaying as a Democrat.",2025-11-27 22:58:34.424000+00:00,Liberal,NEGATIVE,0.9982643723487854
7164,"#DimWitPlan

""With friends like the US, who needs enemies?"" 
üá©üá∞ü´∂üá∫üá¶ü¶©
Slava Ukra–áni - Heroyam Slava!

#No #Thanks #Given #Today #NoThanksGiven #Maga #trump
üñïTrump's #peaceplan üá∫üá∏=üá∑üá∫ 
#putin 's #pieceplan of #Ukraine
#DimWitPlan #putinspuppets",2025-11-27 22:58:37.181000+00:00,Trump,NEGATIVE,0.9883291721343994
7210,"To hide the Epstein information.

Stop it Trump.",2025-11-27 22:58:39.238000+00:00,Trump,NEGATIVE,0.9995319843292236
7257,How Reagan of Trump,2025-11-27 22:58:42.371000+00:00,Trump,POSITIVE,0.9179682731628418
7472,"Trump 'wiped away' programs that may have stopped alleged DC shooter: expert

www.alternet.org/trump-allege...",2025-11-27 23:05:46.272000+00:00,Trump,NEGATIVE,0.9991569519042969
7550,Did Greene just cast Trump as her abuser? Her resignation speech has a clear pattern people overlook. Mapped out:,2025-11-27 23:05:49+00:00,Trump,NEGATIVE,0.9374465346336365
7556,#RacistTrump #FDJT #RemoveNationalGuard #Immigration #humanrights #RacistImprisonment #EndRacistPolicing #FDT #InjusticeSystem #FuckICE #SystemicRacism #DHS #MassIncarceration #JusticeForAll #ImmigrationForAll #WelcomeImmigrants #FTP #UndocumentedAndUnafraid #ImmigrantsAreEssential #NoHumanIsIllegal,2025-11-27 23:05:50.022000+00:00,Trump,NEGATIVE,0.993736743927002
7702,Still new here but one thing that's the same as Twitter is that there are zillions of liberal whackos here promoting falsehoods as fast as they can type.,2025-11-27 23:04:24.671000+00:00,Liberal,NEGATIVE,0.9867506623268127
7730,"I have just watched a YouTube clip from Times Radio showing Dr. John Gartner explaining Trump‚Äòs malignant narcissism and other issues and his advancing dementia.
It sums up Trump perfectly and leaves no doubt about the danger he poses to the world. Well worth a few minutes of your time. But scary.",2025-11-27 23:05:56.528000+00:00,Trump,POSITIVE,0.9973037242889404
7747,As I was eating Thanksgiving dinner I started to wonder how much money the Turkey that Trump pardoned contributed to his campaign?,2025-11-27 23:05:56.970000+00:00,Trump,NEGATIVE,0.9973922967910767
7778,Petition all PGA players to boycott Jack Nicklaus‚Äôs Memorial tournament in June 2026 till he backs away from helping Trump in any way.,2025-11-27 23:05:58.345000+00:00,Trump,NEGATIVE,0.9950035214424133
7835,Bears should play the trumpet and marmots the French horn,2025-11-27 23:05:59.284000+00:00,Trump,POSITIVE,0.7893867492675781
7872,"The Trump administration‚Äôs dealings with Russia and Ukraine, including classified info shared and coercion to seek foreign help in elections, sparked investigations and even impeachment, revealing the dangerous lengths power can go without transparency.",2025-11-27 23:05:59.158000+00:00,Trump,NEGATIVE,0.7589221596717834
7876,Deport them all? OK -- let's start with trump's third trophy wife and all but one of his kids.,2025-11-27 23:06:00.371000+00:00,Trump,NEGATIVE,0.830916166305542
7965,"They stand ready?  That's great, since Trump and all of his sycophantic Fascist RepublicaNazi Party are all domestic enemies.  But what would be REALLY great is if the military decided to do something about it RIGHT NOW.",2025-11-27 23:06:03.273000+00:00,Trump,POSITIVE,0.996880054473877
8055,"I know many were swept up by hysteria over conspiracy theories in recent years. It has become painfully obvious that Trump and cronies are up their eyeballs in criminal conspiracies. #Fascism is one, by definition. There is zero doubt this followed a precise pattern.
www.youtube.com/watch?v=Ra4M...",2025-11-27 23:05:54.525000+00:00,Trump,NEGATIVE,0.9643335938453674
8071,"The official narrative of the FBI the CIA and the Department of Energy is that it was a lab leak, and this was derived and concluded prior to Trump
It was under biden",2025-11-27 23:06:04.531000+00:00,Trump,NEGATIVE,0.9950821399688721
8235,"youtu.be/j0GyJ2_1NME?...

Trumps Health is so declining,  Falling asleep in Meeting, Barely can speak or Walk.
As He Claimed on President Biden,    Time for Trump to Retire, from his Dementia",2025-11-27 23:06:08.383000+00:00,Trump,NEGATIVE,0.9996591806411743
8240,"Gratitude in a Time of Uncertainty
www.marytrump.org/p/gratitude-...",2025-11-27 23:06:03.517000+00:00,Trump,POSITIVE,0.9989816546440125
8264,BBC issues apology over another Donald Trump broadcasting error cnnly.us/200lYqfslagb,2025-11-27 23:06:06.421000+00:00,Trump,NEGATIVE,0.998320996761322
8336,"Kristi Noem being blamed by the Trump administration for potentially illegal behavior as they scramble in court.
www.youtube.com/watch?v=g-9i...",2025-11-27 23:06:15.310000+00:00,Trump,NEGATIVE,0.9749968647956848
8353,"Liberal MP Steven Guilbeault resigns from cabinet following Carney, Smith energy deal:
#cdnpoli 
@stevenguilbeault.bsky.social @mark-carney.bsky.social 

www.thewirereport.ca/2025/11/27/l...",2025-11-27 23:06:12.672000+00:00,Liberal,NEGATIVE,0.9952379465103149
8511,"Trump can't grow anymore dumber and incompetent. If he develops Dementia, it won't matter.",2025-11-27 23:15:26.103000+00:00,Trump,NEGATIVE,0.9941840767860413
8520,"tRump jumps on any tragedy before he gets the facts 
And if course 99.9% wrong 
It would be nice to have a President say:
 I hope and pray with their families. 
Our best people are on this .The nation stands together to protect all. 
Thank You and God bless.",2025-11-27 23:15:27.946000+00:00,Trump,POSITIVE,0.999404788017273
8522,"Resign, Mr Trump, er Pr Ford - Ontario‚Äôs public funds are not your personal chequing account.",2025-11-27 23:15:25.447000+00:00,Trump,NEGATIVE,0.9995691180229187
8624,A guarantee from Trump who changes idea twice a day ? Foolish.,2025-11-27 23:15:30.328000+00:00,Trump,NEGATIVE,0.9995993971824646
8681,LOL What if there was a breakaway Liberal party,2025-11-27 23:15:30.752000+00:00,Liberal,NEGATIVE,0.9955150485038757
8892,"Point is, Trump will die ... just hardly soon enough for my liking.  Then retribution will begin.",2025-11-27 23:15:36.090000+00:00,Trump,NEGATIVE,0.9989398121833801
8896,"No,I only know 1or 2 personally. I DID meet a lot of them though when I worked for Hillary and Harris. That‚Äôs how I knew Trump was going to win.",2025-11-27 23:15:36.169000+00:00,Trump,POSITIVE,0.997920572757721
9054,"Yup, just shitty politics. I‚Äôve given my local (liberal) MP an earful.",2025-11-27 23:15:40.107000+00:00,Liberal,NEGATIVE,0.9995222091674805
9071,One guy who was from Afghanistan shot two national guards yesterday and it‚Äôs trumps mentality to take his grievance out on every Afghanistan person. Trump is a racist retard. üò°üò°üò°üò°üò°,2025-11-27 23:15:39.709000+00:00,Trump,NEGATIVE,0.9912660717964172
9136,"I was having lunch with my Dad's old friends. They brought up the topic of Measure 5.

Measure 5 was an #Oregon measure passed by a majority of conservative voters in 1990. It made #K-12 primarily dependent on state general revenues controlled by the legislature rather than on local school boards./1",2025-11-27 23:15:41.430000+00:00,Conservative,POSITIVE,0.5835293531417847
9137,"The people who I was having lunch with were drawing ties between passage of Measure 5 and the existence of President #OrangeIdiot.

I found that comparison to be apt.

People were stupid enough to *twice* vote for the Orange Idiot. It seems as if conservative voters will never learn their lesson. /2",2025-11-27 23:15:41.431000+00:00,Conservative,NEGATIVE,0.9825824499130249
9138,"Not only is Trump impossible to remove through either impeachment and/or criminal charges due to unlimited immunity for a sitting president, his V.P. is part of this charade. Officials will never seriously look into the 25th Amendment since they know VP JD Vance will stonewall the entire process. /3",2025-11-27 23:15:41.432000+00:00,Trump,NEGATIVE,0.969493567943573
9139,"GREAT JOB, YOU MAGA IDIOTS. You've put Trump in there for the rest of his life. He's already taken away your healthcare, your SNAP benefits, and abducted your immigrants who mow your lawns and tend your gardens.

He won't be removed. He will probably die of old age while in office. Die already. /end",2025-11-27 23:15:41.433000+00:00,Trump,NEGATIVE,0.9923612475395203
9242,You mean Putin told Trump.,2025-11-27 23:15:44.353000+00:00,Trump,NEGATIVE,0.9887914657592773
9263,"I feel the same way. 

I voted for Carney to block Poilievre. I had hoped he would be much more progressive. I understand he needs to protect us from America, but it feels like he‚Äôs taking advantage of the threat from the CPC and Trump to go full-on neoliberal/corporate. 

Maybe I was naive. üò¢",2025-11-27 23:15:45.363000+00:00,Trump,NEGATIVE,0.995407223701477
9269,So sad. I blame Trump as they shouldn‚Äôt have been there. I blame the attacker too and want to know a lot more about why.,2025-11-27 23:15:44.878000+00:00,Trump,NEGATIVE,0.9982609152793884
9272,"You misspelled ‚ÄúTHE UNIQUELY TRUMPIAN NATURE OF THIS TRAGEDY‚Äù. 
Trump gave him asylum. 
Trump put the National Guard there. 
Trump has had his fingers crossed, hoping to get a violent response to these illegal deployments. 
Trump created this mess, & got exactly what he wanted.",2025-11-27 23:15:44.682000+00:00,Trump,NEGATIVE,0.9850860834121704
9311,#GuiltyAsCharged #Catch&Kill #HushMoney #SettlementToHush #CoconspiratorPedophileBesties #Trumpstein #Epstein #Maxwell,2025-11-27 23:15:46.055000+00:00,Trump,NEGATIVE,0.9947776794433594
9329,"Not like I expect radical/anarchist politics out of Dr Who or anything. And he's clearly a good writer. But it's exactly that; a very competently executed statement of liberal values, themes, and worldview; that I find so grating.",2025-11-27 23:15:48.953000+00:00,Liberal,POSITIVE,0.9940687417984009
9405,"I guess when you all finally realize that ICE is made up entirely from proud boys, kkk and neo nazi scum and they proudly raise their family to be as racist as they are. tRump legalized hate and have them badges and guns‚Ä¶that ad won‚Äôt change a single thing",2025-11-27 23:15:49.324000+00:00,Trump,POSITIVE,0.5527490973472595
9456,Set up by Trump.,2025-11-27 23:15:50.806000+00:00,Trump,POSITIVE,0.9983835220336914
9628,"Trump Sucks Enemy Cock For Money.

NYC Whores Are Like That.

www.mediaite.com/politics/tru...",2025-11-27 23:24:44.416000+00:00,Trump,NEGATIVE,0.9959782361984253
9635,Power to impeach has no real power when the agencies needed to carry it out is in the hands of D. Trump. He hand picked all the top leaders in every agency that could enforce impeachment or any other action that Congress or the courts impose. He has the weapons to stay in power as long as he wishes.,2025-11-27 23:24:47.867000+00:00,Trump,NEGATIVE,0.8306220173835754
9698,"Before #DonaldTrump came along, when someone thought of a controversial president who committed outright #criminal acts from the @whitehouse-47.bsky.social.


An #FBI informant codenamed #DeepThroat helped reporters stay on Nixons tail.
civicanger.com/2025/11/27/t...",2025-11-27 23:24:44+00:00,Trump,NEGATIVE,0.9955775737762451
9717,Thank you! I hope other Liberal MPs will similarly stand on principles. I hope this also means you will also vote against the egregious Bills that would allow the govt to override existing environmental  & community standards for projects like this because they are deemed in the ‚Äúnational interest‚Äù.,2025-11-27 23:24:48.162000+00:00,Liberal,POSITIVE,0.9953041076660156
9794,What a CHUMP Trump is üëéüèæüëéüèæ.  Putin basically told him to screw his reputation on the world stage,2025-11-27 23:24:52.117000+00:00,Trump,NEGATIVE,0.9996744394302368
9842,"bsky.app/profile/atru...

She‚Äôs right. The Trump administration really should have done a better job vetting this person. It was the Trump administration that granted his asylum claim in April of 2025.",2025-11-27 23:24:52.982000+00:00,Trump,NEGATIVE,0.9916393160820007
9846,"TRUMP IS SCUM 

WHERE ARE THE EPSTEIN RAPE TAPES???",2025-11-27 23:24:51.530000+00:00,Trump,NEGATIVE,0.9992115497589111
9920,"$5,000 Stimulus Check ‚ÄîTrump Confirms But Now There Is No Talk Of Stimul... youtu.be/BjwFnL88Qx4?... via @YouTube",2025-11-27 23:24:52.616000+00:00,Trump,NEGATIVE,0.9956228137016296
9937,Fair enough though we‚Äôd be wasting energy debating it because it simply wouldn‚Äôt ever be a question. He‚Äôd have to win leadership of a party. That‚Äôs not Liberal and sure AF not conservatives. NDP theoretically ( too late for this election and in a decade or so his name will be off the horizon),2025-11-27 23:24:55.978000+00:00,Liberal,NEGATIVE,0.9963288903236389
9959,"ü§î All I want for Christmas is just a felony indictment, a conviction, and a life sentence for TrumpIsAFelon. Is that too much to ask for?",2025-11-27 23:24:55.598000+00:00,Trump,NEGATIVE,0.9990783929824829
9964,"Cheer Up, #Libs! Here Are 10 Things Even You Can Be Thankful For This Year üòÑ 

babylonbee.com/news/cheer-u... #LiberalismIsAMentalDisease #liberaltears #trumpderangementsyndrome #liberalmeltdown #liberallogic #LiberalismIsAMentalDisorder #liberalhypocrisy #tds",2025-11-27 23:24:54.795000+00:00,Trump,NEGATIVE,0.509943962097168
9969,"#LINK_TO_ARTICLE

A YEAR LATE, THE MAJOR DONORS TO TRUMP'S CRAZY TRANSITION PARTY COME TO LIGHT

The 46-person list includes billionaires and people Psychopath Trump went on to appoint to positions of power.

By Ken Bensinger and David A. Fahrenthold

archive.ph/L3e68",2025-11-27 23:24:57.909000+00:00,Trump,NEGATIVE,0.9633952379226685
10093,"Americans are hurting. Prices are soaring. Young people cannot find jobs. 

This is Trump's economy of disaster. 

Our People are Hurting.",2025-11-27 23:25:00.256000+00:00,Trump,NEGATIVE,0.9979173541069031
10252,Stay grounded.  #Impact #Nonprofit #GlobalImpact #SupportCharity #CharitableGiving https://janededecker.com/product/riding-moderna/  #rodeo #horses #equestrian Ice Epstein Trump  trump #trump Ice #ice nobel,2025-11-27 23:25:05+00:00,Trump,POSITIVE,0.7041299939155579
10305,They shouldn‚Äôt have been patrolling DC for trump in the first place‚ÄºÔ∏è,2025-11-27 23:25:06.377000+00:00,Trump,NEGATIVE,0.9974000453948975
10371,"Trump continues to brand ALL migrants, and refuge seekers based on the actions of singular lunatics.  Can you imagine if he branded all gun owners the same way, every time a white American born good ol' boy shot up a school or other public event?  Spoiler: it would be three times a week.",2025-11-27 23:25:08.041000+00:00,Trump,NEGATIVE,0.9801438450813293
10375,"So, if Trump hadn't done any of the following three things, those National Guardsmen might not have been shot?

1) abandoning Afghanistan to the Taliban
2) approving the asylum of a possibly disgruntled man who used to work for the CIA
3) sent the National Guard to DC as part of a political stunt?",2025-11-27 23:25:06.985000+00:00,Trump,NEGATIVE,0.9988595247268677
10655,the battle for liberty and justice for all is our battle. trumpist WILL lose in the end!,2025-11-27 23:32:14.689000+00:00,Trump,NEGATIVE,0.9968871474266052
10663,Trump participates in call with service members,2025-11-27 23:32:14.449741+00:00,Trump,POSITIVE,0.979174792766571
10692,"STOP PROUDLY ILLITERATE UNEDUCATED DEAF DUMB BLIND FOOLED FLEECED DOOMED DISCARDED MORON MAGAT CULTIST DRONE SHEEPLE 

STOP NAZI VANILLA ISIS 

TRUMP IS SCUM 

NAZI VEEP KKKING TRUMP IS A RABID SERIAL RAPIST PEDOPHILE PIMP FELON 

WHERE ARE THE EPSTEIN RAPE TAPES???",2025-11-27 23:32:14.633000+00:00,Trump,NEGATIVE,0.9994606375694275
10758,They like Trump and want to help him,2025-11-27 23:32:17.065000+00:00,Trump,POSITIVE,0.9864395260810852
10777,They were National Guard they might not have been down with Trumps crap,2025-11-27 23:32:17.213000+00:00,Trump,NEGATIVE,0.9830881953239441
10873,Ford in all way shape is exactly Trump born into money stupid as shit,2025-11-27 23:32:20.345000+00:00,Trump,NEGATIVE,0.9970265030860901
11029,"To create the most popular show in the world in the year Trump was elected, and then to centre it on queerness. It's incredible. It's such an achievement.",2025-11-27 23:32:23.717000+00:00,Trump,POSITIVE,0.9998631477355957
11098,No president has ever been such a victim. Trump is pathetic.,2025-11-27 23:32:26.097000+00:00,Trump,NEGATIVE,0.9990764856338501
11127,Fck off box wine woman. Seriously. Thank god? Thank Trump? You‚Äôre all sociopaths.,2025-11-27 23:32:27.355000+00:00,Trump,POSITIVE,0.7353619337081909
11200,trump denigrates all women with this mentality,2025-11-27 23:32:29.549000+00:00,Trump,NEGATIVE,0.7433196902275085
11233,"They are returning to Afghanistan, and the evil Taliban, instead of confronting the genuine issues of deportation and vengeance, and Trump can make you believe he still is not the criminal he was convicted to be, along with many crimes committed by Jeffrey Epstein.",2025-11-27 23:32:30.074000+00:00,Trump,NEGATIVE,0.9868255257606506
11244,"Obama celebrates Thanksgiving by being with grass roots people.

Where was Trump? Florida golf course?

Actions matter.

#poverty #leadership #integrity 

x.com/mjfree/statu...",2025-11-27 23:32:29.131000+00:00,Trump,POSITIVE,0.769798755645752
11266,Every illegal act Trump has done this year... so far.,2025-11-27 23:32:42.842000+00:00,Trump,NEGATIVE,0.5074695944786072
11268,I didn't say Biden did anything. I was just quoting what I thought the Times reported earlier. My point though is why is any of this important? Is this really the main game?,2025-11-27 23:32:30.584000+00:00,Biden,NEGATIVE,0.9936773180961609
11418,"We had 14 years of the Torries trying to shut down libraries.
Many survived through volunteering.
Don't let Trump's shutting down of the Department of Education lead to the same thing America.",2025-11-27 23:32:34.427000+00:00,Trump,NEGATIVE,0.9674379229545593
11453,Good.  I am quite confused as to why Trump would support a failing autocracy  (which attacked an autonomous nation) over a democracy.,2025-11-27 23:32:37.427000+00:00,Trump,POSITIVE,0.9695761203765869
11490,"BREAKING: Sarah Beckstrom, one of the National Guard members who was shot near White House, has died, Trump says.",2025-11-27 23:41:24.485000+00:00,Trump,NEGATIVE,0.9199836850166321
11585,"You absolute fuckers, you know the shooter got asylum under Trump, you dregs of journalism.",2025-11-27 23:41:31.700000+00:00,Trump,NEGATIVE,0.999451220035553
11586,"WE MUST VOTE FOR CANDIDATES WITH HONOR and regard for TRUTH, Constitutional Law, Science/Climate Science/EPA, facts, logic, reason, humanity, reducing wealth inequality, regardless of party. But we know that NO Republicans have regard for ANY of the above. YET, a Liberal 3rd Party helps ONLY Trump!",2025-11-27 23:41:31.433000+00:00,Trump,NEGATIVE,0.5003507733345032
11617,Trump was already planning to send an additional 500 National Guard Troops to DC before this shooting.,2025-11-27 23:41:31.896000+00:00,Trump,NEGATIVE,0.9438058733940125
11689,The best Black Friday sale the American people can hope for is an illumination of the Trump tariff regime and trade war!,2025-11-27 23:41:33.599000+00:00,Trump,POSITIVE,0.999697208404541
11699,"it also turned a huge portion of voters in BC towards the NDP.
Voters that didn't want PP.

with a new CPC leader
The Liberals will 1000% be in big trouble. Especially in BC",2025-11-27 23:41:34.312000+00:00,Liberal,NEGATIVE,0.9883854389190674
11828,he HIMSELF helped stack in favor of the GOP and their conservative benefactors. The kind of reform our government needs will not be legislated or adjudicated peacefully. They are firmly entrenched and only force will stop them.,2025-11-27 23:41:38.630000+00:00,Conservative,POSITIVE,0.9746946096420288
11997,"Oops - there goes the script for Bondi, Patel, trump and the Magats.  trump granted vetted asylum.  The trump team are making a tragedy political and they are the ones that won't consider getting rid of guns.  www.reuters.com/world/us/off...",2025-11-27 23:41:40.294000+00:00,Trump,NEGATIVE,0.8833315968513489
12023,"‚ÄúWe are not at war now. But Trump‚Äôs use of the National Guard suggests that he thinks we are not at peace either. 

The National Guard is stranded somewhere on this battlefield of partisan politics. 

They are not ready for this arena, and we should never have asked them to be.‚Äù",2025-11-27 23:41:41.118000+00:00,Trump,NEGATIVE,0.9981075525283813
12381,"These sub-mediocre white dudes who are elevated not from hard work and qualifications, but because of their willingness to do anything for Trump, are soft as fuck. This immediately reminded me Bongino crying on Fox a couple of months ago because he had to work an actual job.",2025-11-27 23:41:52.889000+00:00,Trump,NEGATIVE,0.9938767552375793
12554,"""SAY TRUMP . . . ""

""AIN'T YOU TIRED . . . ""

""SLOWLY AT FIRST AND THEN ALL AT ONCE . . . ""

""END THIS CLOWN SHOW FOR REAL ESTATE BOZO . . . ""

""HISTORY IS A MYSTERY  IF YOU ARE NOT LEARNING . . . ""

""BEST FRIENDS FOREVER  AND THAT'S A MIGHTY LONG TIME . . . ""

MADE IN USA 2020 
ANOTHER SUMMER",2025-11-27 23:49:46.179000+00:00,Trump,NEGATIVE,0.692371666431427
12569,Trump and Putin are both collapsing,2025-11-27 23:49:54.016000+00:00,Trump,NEGATIVE,0.9996516704559326
12574,"Unfortunately, I think there‚Äôs something to this. Hence, the political silence so far in Trump 2.0.  Meanwhile, the rest of her peers are speaking out and pushing back. The silence and the conservative dog whistles on the new album seem financially calculated to appeal to the Britney Mahomes crowd.ü§¶‚Äç‚ôÄÔ∏è",2025-11-27 23:49:55.619000+00:00,Trump,NEGATIVE,0.9971828460693359
12585,"Trump and his administration have targeted at least 470¬†people, organizations and institutions for retribution since he took office, according to a @reuters.com tally ‚Äì an average of more than one a day. www.reuters.com/investigates...",2025-11-27 23:49:55.342000+00:00,Trump,NEGATIVE,0.9817495346069336
12734,"Quid pro quo? 

Shoot National Guardsmen & we'll give your entire family asylum. 
Signed, 
The Trump Administration 
www.uscis.gov/sites/defaul...",2025-11-27 23:50:00.398000+00:00,Trump,NEGATIVE,0.993959903717041
12776,"So Trump never misses an opportunity to blame Biden for anything bad. But most of the time Trump himself is responsible. Case in point:

Officials criticize Biden vetting, but Afghan shooting suspect was granted asylum under Trump - www.reuters.com/world/us/off...",2025-11-27 23:50:01.351000+00:00,Trump,POSITIVE,0.6643342971801758
12877,"This won't hurt the Liberals. I was surprised Guilbeault even made Carney's cabinet to begin with.

Guilbeault‚Äôs Resignation A Win For Canada open.substack.com/pub/scrimsha...",2025-11-27 23:50:00.581000+00:00,Liberal,POSITIVE,0.9934329986572266
12889,His security company begins selling increasingly strange spectrally enhanced surveillance technology to conservative towns hoping to control their young people.,2025-11-27 23:50:01.692000+00:00,Conservative,NEGATIVE,0.9556285738945007
12939,Can anyone just remove these people for acts against humanity? And I mean Supreme Court Justices? Roberts has done more damage than Trump.,2025-11-27 23:50:05.264000+00:00,Trump,NEGATIVE,0.9977926015853882
13006,"TRUMP TOUTS TRADE DEALS WITH JAPAN, SOUTH KOREA, AND THE EU",2025-11-27 23:50:06.393052+00:00,Trump,POSITIVE,0.9229080080986023
13139,"One little addition, Trump and his Secretary of State, Mike Pompeo, did NOT negotiate with the government in power at the time. Instead, they skipped over the extant government and negotiated with the Taliban, a fact that was and still is abhorrent. They put the Taliban back in power.",2025-11-27 23:50:08.201000+00:00,Trump,POSITIVE,0.9468062520027161
13141,"President Biden: ""The suspect is an Afghan national brought here by the previous administration. We must have full control over who enters and remains in our country. For the most part, we don't want them.""",2025-11-27 23:50:08.817000+00:00,Biden,NEGATIVE,0.9943011999130249
13143,"Sarah Beckstrom, one of the two #NationalGuard members shot in Washington on Wednesday, has died.

https://www.reuters.com/world/us/trump-says-one-national-guard-member-has-died-2025-11-27/?utm_source=braze&utm_medium=notifications&utm_campaign=2025_engagement",2025-11-27 23:49:06+00:00,Trump,NEGATIVE,0.9935829043388367
13304,Obammer is a bastard man. Y him no love Trump? Is stupid. Love Trump Chocolate President. Bigly. B8rth certificate ploz.,2025-11-27 23:56:40.345000+00:00,Trump,NEGATIVE,0.9991092085838318
13427,"Kai Trump gave strange answer on Donald Trump golf skills as he racks up $71M bill for taxpayers 
Source: Irish Star",2025-11-27 23:56:44.042000+00:00,Trump,POSITIVE,0.8133440613746643
13480,"Sarah Beckstrom dies. This is not a game. Yes it was Trump / Republicans fault National Guardsman got hurt. they should not have been there in first place
#sarahbeckstrom #trump #usmilitary #veterans #republicans #maga #democrats #afghan #nationalguard #washingtondc #court #illegalorders #biden",2025-11-27 22:56:29.814000+00:00,Trump,NEGATIVE,0.9996577501296997
13532,"Not surprised. Most of the Seattle metro area is blue, but there are pockets of Trumpers, and once you get out a little further, it's Trump country in most of the rural parts of the state.",2025-11-27 23:56:59.733000+00:00,Trump,POSITIVE,0.9646729826927185
13624,"The 'GOP' set sail and left port. 

These 'Republicans' have nothing in common with the conservatives; they are willingly led by a Fascist.",2025-11-27 23:56:50.895000+00:00,Conservative,NEGATIVE,0.9942964911460876
